ph,Hardness,Solids,Chloramines,Sulfate,Conductivity,Organic_carbon,Trihalomethanes,Turbidity
7.036752103833548,204.8904554713363,20791.318980747023,7.300211873184757,368.51644134980336,564.3086541722439,10.3797830780847,86.9909704615088,2.9631353806316407
6.512340982134,180.5523411203,19800.44123812,6.95210123877,350.2214578934,540.1102398474,11.2102398474,72.5581239847,3.214983749
7.840223984712,150.7723498187,25010.112398712,7.8421093847,300.9987123478,600.2278347123,9.8871239847,65.1283471234,4.002347819
5.99823498712,220.9928374612,17550.223489127,8.21230948712,400.7823461234,520.998712348,12.7723498712,90.1123987123,3.889712348
8.1123987123,190.8871239847,30012.992837461,6.71239871234,280.6678912348,580.3321987123,10.1123987123,78.2349871234,2.7781239847
